uid,user_name,address,payment_info,phone,email
1,Gus Prati,52837 Barby Court,4905838292528230888,966-514-0907,gprati0@eventbrite.com
2,Carlee Crosland,6 Comanche Trail,201946239588958,981-601-7262,ccrosland1@indiatimes.com
3,Alayne Dunkerley,8707 Loomis Drive,3557544505677813,683-464-1570,adunkerley2@reference.com
4,Westbrook Cawley,275 Dapin Street,6759596899005864533,839-691-0158,wcawley3@nih.gov
5,Kendricks Broseman,3 Riverside Point,3565136463767536,813-692-4968,kbroseman4@time.com
6,Lorne Woof,226 6th Point,5602217314525826,211-354-6962,lwoof5@aol.com
7,Catharina Tunnah,76743 Bellgrove Junction,6373649781348370,454-331-7847,ctunnah6@1und1.de
8,Joannes Jessel,8399 Heffernan Terrace,3587886500254179,372-992-3575,jjessel7@amazon.com
9,Gillan Bonnesen,67 Elka Crossing,5108753456075542,825-444-1164,gbonnesen8@msn.com
10,Shannon Meatyard,33606 Dottie Crossing,3572279931556148,173-998-7953,smeatyard9@latimes.com
